epoch,step,train_loss
0,49,1.110694408416748
0,99,0.5316318869590759
